product_id,product_name,category
P001,Jacket,Apparel
P002,Moisturizer,Beauty
P003,Throw Blanket,Home Goods
P004,Sandals,Footwear
P005,Tablet,Electronics
P006,Smartwatch,Electronics
P007,Earbuds,Electronics
P008,Apples,Groceries
P009,Heels,Footwear
P010,Throw Blanket,Home Goods
P011,Tablet,Electronics
P012,Hair Dryer,Beauty
P013,Science Fiction,Books
P014,Gaming Console,Electronics
P015,Headphones,Electronics
P016,Earbuds,Electronics
P017,Jacket,Apparel
P018,Hiking Boots,Footwear
P019,Hoodie,Apparel
P020,Portable Charger,Electronics
P021,Hiking Boots,Footwear
P022,Headphones,Electronics
P023,Headphones,Electronics
P024,Jacket,Apparel
P025,Coat,Apparel
P026,Mystery Thriller,Books
P027,TV,Electronics
P028,Dress Shoes,Footwear
P029,Hiking Boots,Footwear
P030,Laptop,Electronics
P031,Heels,Footwear
P032,Portable Charger,Electronics
P033,Smartphone,Electronics
P034,Eyeshadow Palette,Beauty
P035,Eyeshadow Palette,Beauty
P036,Graphic Novel,Books
P037,Socks,Apparel
P038,Headphones,Electronics
P039,Throw Blanket,Home Goods
P040,Socks,Apparel
P041,Earbuds,Electronics
P042,T-Shirt,Apparel
P043,Tablet,Electronics
P044,Coffee Beans,Groceries
P045,TV,Electronics
P046,Pillow,Home Goods
P047,Socks,Apparel
P048,Boots,Footwear
P049,Loafers,Footwear
P050,Smartphone,Electronics
P051,Serum,Beauty
P052,Mystery Thriller,Books
P053,Serum,Beauty
P054,Cheese,Groceries
P055,Slippers,Footwear
P056,Apples,Groceries
P057,Headphones,Electronics
P058,TV,Electronics
P059,Tablet,Electronics
P060,Jeans,Apparel
P061,Sweater,Apparel
P062,TV,Electronics
P063,Graphic Novel,Books
P064,Shorts,Apparel
P065,Portable Charger,Electronics
P066,Loafers,Footwear
P067,Smartphone,Electronics
P068,Childrens Book,Books
P069,Headphones,Electronics
P070,Cleanser,Beauty
P071,History Book,Books
P072,Gaming Console,Electronics
P073,Headphones,Electronics
P074,Biography,Books
P075,Desk Lamp,Home Goods
P076,Dinner Plate,Home Goods
P077,Fantasy Series,Books
P078,Laptop,Electronics
P079,Socks,Apparel
P080,Gaming Console,Electronics
P081,Pasta,Groceries
P082,Loafers,Footwear
P083,Hoodie,Apparel
P084,Earbuds,Electronics
P085,Dress,Apparel
P086,Jacket,Apparel
P087,Bookends,Home Goods
P088,Sneakers,Footwear
P089,Cheese,Groceries
P090,Shorts,Apparel
P091,Earbuds,Electronics
P092,Desk Lamp,Home Goods
P093,Cookbook,Books
P094,Hiking Boots,Footwear
P095,Childrens Book,Books
P096,Coat,Apparel
P097,Heels,Footwear
P098,T-Shirt,Apparel
P099,TV,Electronics
P100,Laptop,Electronics
P101,Smartphone,Electronics
P102,Running Shoes,Footwear
P103,Coat,Apparel
P104,Slippers,Footwear
P105,Rice,Groceries
P106,Headphones,Electronics
P107,Hoodie,Apparel
P108,History Book,Books
P109,Portable Charger,Electronics
P110,Earbuds,Electronics
P111,Laptop,Electronics
P112,TV,Electronics
P113,Chicken Breast,Groceries
P114,Biography,Books
P115,Boots,Footwear
P116,Pasta,Groceries
P117,Self-Help Book,Books
P118,Tablet,Electronics
P119,Chicken Breast,Groceries
P120,Dress Shoes,Footwear
P121,Fiction Novel,Books
P122,Pasta,Groceries
P123,Dress,Apparel
P124,Earbuds,Electronics
P125,Smartphone,Electronics
P126,Jeans,Apparel
P127,Cookbook,Books
P128,Coffee Beans,Groceries
P129,Smartphone,Electronics
P130,Heels,Footwear
P131,Skirt,Apparel
P132,Portable Charger,Electronics
P133,Bluetooth Speaker,Electronics
P134,Socks,Apparel
P135,Moisturizer,Beauty
P136,T-Shirt,Apparel
P137,Loafers,Footwear
P138,Coffee Mug,Home Goods
P139,Hoodie,Apparel
P140,Sunscreen,Beauty
P141,Moisturizer,Beauty
P142,Bluetooth Speaker,Electronics
P143,Jeans,Apparel
P144,Dress,Apparel
P145,Portable Charger,Electronics
P146,Bluetooth Speaker,Electronics
P147,Dress Shoes,Footwear
P148,Heels,Footwear
P149,Laptop,Electronics
P150,Gaming Console,Electronics
P151,Coffee Beans,Groceries
P152,Portable Charger,Electronics
P153,Laptop,Electronics
P154,T-Shirt,Apparel
P155,Cleanser,Beauty
P156,Smartphone,Electronics
P157,Candle,Home Goods
P158,Fiction Novel,Books
P159,Tablet,Electronics
P160,Bookends,Home Goods
P161,Coat,Apparel
P162,Sneakers,Footwear
P163,Flats,Footwear
P164,Slippers,Footwear
P165,Earbuds,Electronics
P166,Fiction Novel,Books
P167,Skirt,Apparel
P168,Smartphone,Electronics
P169,TV,Electronics
P170,Sneakers,Footwear
P171,Picture Frame,Home Goods
P172,TV,Electronics
P173,Loafers,Footwear
P174,Earbuds,Electronics
P175,Sneakers,Footwear
P176,Earbuds,Electronics
P177,Candle,Home Goods
P178,Coat,Apparel
P179,Hair Dryer,Beauty
P180,Headphones,Electronics
P181,T-Shirt,Apparel
P182,Headphones,Electronics
P183,Bread,Groceries
P184,Bread,Groceries
P185,Earbuds,Electronics
P186,Cutting Board,Home Goods
P187,Fiction Novel,Books
P188,Heels,Footwear
P189,Sneakers,Footwear
P190,Smartphone,Electronics
P191,Smartwatch,Electronics
P192,Bread,Groceries
P193,Eggs,Groceries
P194,Slippers,Footwear
P195,Jeans,Apparel
P196,Dress,Apparel
P197,Candle,Home Goods
P198,Bread,Groceries
P199,Apples,Groceries
P200,Graphic Novel,Books
P201,Sneakers,Footwear
P202,Gaming Console,Electronics
P203,Smartwatch,Electronics
P204,Bananas,Groceries
P205,Hiking Boots,Footwear
P206,Tablet,Electronics
P207,Laptop,Electronics
P208,Candle,Home Goods
P209,TV,Electronics
P210,TV,Electronics
P211,Slippers,Footwear
P212,Coffee Mug,Home Goods
P213,Candle,Home Goods
P214,Earbuds,Electronics
P215,Pillow,Home Goods
P216,Tablet,Electronics
P217,Coat,Apparel
P218,Desk Lamp,Home Goods
P219,Slippers,Footwear
P220,Mystery Thriller,Books
P221,Picture Frame,Home Goods
P222,Flats,Footwear
P223,Portable Charger,Electronics
P224,Shorts,Apparel
P225,Smartwatch,Electronics
P226,Smartwatch,Electronics
P227,Serum,Beauty
P228,Socks,Apparel
P229,Cheese,Groceries
P230,Heels,Footwear
P231,Cookbook,Books
P232,Loafers,Footwear
P233,Running Shoes,Footwear
P234,T-Shirt,Apparel
P235,Headphones,Electronics
P236,Bookends,Home Goods
P237,Tablet,Electronics
P238,Tablet,Electronics
P239,Flats,Footwear
P240,Headphones,Electronics
P241,Cleanser,Beauty
P242,Foundation,Beauty
P243,Eggs,Groceries
P244,Dress,Apparel
P245,Bluetooth Speaker,Electronics
P246,Coffee Beans,Groceries
P247,Socks,Apparel
P248,Eyeshadow Palette,Beauty
P249,Lipstick,Beauty
P250,Coffee Beans,Groceries
P251,Smartphone,Electronics
P252,Coat,Apparel
P253,Bananas,Groceries
P254,Shorts,Apparel
P255,Portable Charger,Electronics
P256,Hiking Boots,Footwear
P257,Foundation,Beauty
P258,Vase,Home Goods
P259,Flats,Footwear
P260,Laptop,Electronics
P261,Sneakers,Footwear
P262,Sunscreen,Beauty
P263,Tablet,Electronics
P264,Flats,Footwear
P265,Rice,Groceries
P266,Throw Blanket,Home Goods
P267,Desk Lamp,Home Goods
P268,Cutting Board,Home Goods
P269,Coat,Apparel
P270,Earbuds,Electronics
P271,Fiction Novel,Books
P272,History Book,Books
P273,Pasta,Groceries
P274,Eggs,Groceries
P275,Heels,Footwear
P276,Sandals,Footwear
P277,History Book,Books
P278,Slippers,Footwear
P279,Pillow,Home Goods
P280,Cookbook,Books
P281,Pasta,Groceries
P282,Hoodie,Apparel
P283,Jeans,Apparel
P284,Gaming Console,Electronics
P285,Boots,Footwear
P286,Laptop,Electronics
P287,Jeans,Apparel
P288,Sneakers,Footwear
P289,Smartphone,Electronics
P290,Running Shoes,Footwear
P291,Bluetooth Speaker,Electronics
P292,Headphones,Electronics
P293,Fiction Novel,Books
P294,Coat,Apparel
P295,Tablet,Electronics
P296,Sneakers,Footwear
P297,Childrens Book,Books
P298,Laptop,Electronics
P299,Sneakers,Footwear
P300,Gaming Console,Electronics
P301,Tablet,Electronics
P302,Loafers,Footwear
P303,Flats,Footwear
P304,Heels,Footwear
P305,Vase,Home Goods
P306,Lipstick,Beauty
P307,Dress Shoes,Footwear
P308,Skirt,Apparel
P309,History Book,Books
P310,Earbuds,Electronics
P311,T-Shirt,Apparel
P312,Gaming Console,Electronics
P313,Portable Charger,Electronics
P314,Eyeshadow Palette,Beauty
P315,History Book,Books
P316,Candle,Home Goods
P317,Jacket,Apparel
P318,Headphones,Electronics
P319,Bluetooth Speaker,Electronics
P320,Smartwatch,Electronics
P321,Boots,Footwear
P322,Vase,Home Goods
P323,Pillow,Home Goods
P324,Smartphone,Electronics
P325,Hair Dryer,Beauty
P326,Cutting Board,Home Goods
P327,Flats,Footwear
P328,Heels,Footwear
P329,Coat,Apparel
P330,Bluetooth Speaker,Electronics
P331,Dress,Apparel
P332,Mystery Thriller,Books
P333,Bluetooth Speaker,Electronics
P334,Smartwatch,Electronics
P335,Smartphone,Electronics
P336,Headphones,Electronics
P337,Coffee Beans,Groceries
P338,Desk Lamp,Home Goods
P339,Skirt,Apparel
P340,Gaming Console,Electronics
P341,Jeans,Apparel
P342,T-Shirt,Apparel
P343,Headphones,Electronics
P344,Jacket,Apparel
P345,Coat,Apparel
P346,Sneakers,Footwear
P347,Sandals,Footwear
P348,Headphones,Electronics
P349,Jacket,Apparel
P350,Sandals,Footwear
P351,Slippers,Footwear
P352,Milk,Groceries
P353,Vase,Home Goods
P354,Portable Charger,Electronics
P355,Portable Charger,Electronics
P356,Heels,Footwear
P357,Smartphone,Electronics
P358,Boots,Footwear
P359,Foundation,Beauty
P360,Loafers,Footwear
P361,Sweater,Apparel
P362,Running Shoes,Footwear
P363,Jacket,Apparel
P364,Slippers,Footwear
P365,Serum,Beauty
P366,Dress,Apparel
P367,Cleanser,Beauty
P368,Apples,Groceries
P369,Bluetooth Speaker,Electronics
P370,Portable Charger,Electronics
P371,Earbuds,Electronics
P372,Portable Charger,Electronics
P373,Headphones,Electronics
P374,Coffee Mug,Home Goods
P375,TV,Electronics
P376,Socks,Apparel
P377,History Book,Books
P378,Headphones,Electronics
P379,Fiction Novel,Books
P380,Smartwatch,Electronics
P381,Tablet,Electronics
P382,Pillow,Home Goods
P383,Sneakers,Footwear
P384,Bananas,Groceries
P385,Candle,Home Goods
P386,Childrens Book,Books
P387,Smartphone,Electronics
P388,Tablet,Electronics
P389,Fiction Novel,Books
P390,History Book,Books
P391,Lipstick,Beauty
P392,Hoodie,Apparel
P393,Shorts,Apparel
P394,Fiction Novel,Books
P395,T-Shirt,Apparel
P396,Cleanser,Beauty
P397,Bananas,Groceries
P398,Socks,Apparel
P399,Fiction Novel,Books
P400,Biography,Books
P401,Portable Charger,Electronics
P402,Pasta,Groceries
P403,Dress Shoes,Footwear
P404,Childrens Book,Books
P405,Sweater,Apparel
P406,Bread,Groceries
P407,Dress,Apparel
P408,Laptop,Electronics
P409,Milk,Groceries
P410,Headphones,Electronics
P411,Shorts,Apparel
P412,Foundation,Beauty
P413,Mascara,Beauty
P414,Sneakers,Footwear
P415,Hiking Boots,Footwear
P416,Jacket,Apparel
P417,TV,Electronics
P418,Sweater,Apparel
P419,Dinner Plate,Home Goods
P420,Fantasy Series,Books
P421,Cookbook,Books
P422,History Book,Books
P423,Laptop,Electronics
P424,Skirt,Apparel
P425,Bluetooth Speaker,Electronics
P426,Running Shoes,Footwear
P427,T-Shirt,Apparel
P428,Apples,Groceries
P429,T-Shirt,Apparel
P430,TV,Electronics
P431,Smartwatch,Electronics
P432,Biography,Books
P433,Boots,Footwear
P434,Bluetooth Speaker,Electronics
P435,Smartphone,Electronics
P436,Bookends,Home Goods
P437,Bluetooth Speaker,Electronics
P438,Cookbook,Books
P439,Throw Blanket,Home Goods
P440,Portable Charger,Electronics
P441,Portable Charger,Electronics
P442,Foundation,Beauty
P443,Dress,Apparel
P444,Shorts,Apparel
P445,Cookbook,Books
P446,Hair Dryer,Beauty
P447,Foundation,Beauty
P448,Fiction Novel,Books
P449,Skirt,Apparel
P450,Smartwatch,Electronics
P451,Self-Help Book,Books
P452,Running Shoes,Footwear
P453,Skirt,Apparel
P454,Coffee Beans,Groceries
P455,Gaming Console,Electronics
P456,Jeans,Apparel
P457,Smartwatch,Electronics
P458,Coat,Apparel
P459,Smartphone,Electronics
P460,Portable Charger,Electronics
P461,Earbuds,Electronics
P462,Sandals,Footwear
P463,Pillow,Home Goods
P464,Dress Shoes,Footwear
P465,Perfume,Beauty
P466,Coat,Apparel
P467,Headphones,Electronics
P468,Pasta,Groceries
P469,Laptop,Electronics
P470,Lipstick,Beauty
P471,Laptop,Electronics
P472,Foundation,Beauty
P473,Laptop,Electronics
P474,Pasta,Groceries
P475,Slippers,Footwear
P476,Mascara,Beauty
P477,Gaming Console,Electronics
P478,Flats,Footwear
P479,Lipstick,Beauty
P480,Slippers,Footwear
P481,Loafers,Footwear
P482,Candle,Home Goods
P483,Jacket,Apparel
P484,Running Shoes,Footwear
P485,Heels,Footwear
P486,Pasta,Groceries
P487,Portable Charger,Electronics
P488,Bluetooth Speaker,Electronics
P489,Perfume,Beauty
P490,Rice,Groceries
P491,Socks,Apparel
P492,Sneakers,Footwear
P493,Laptop,Electronics
P494,Headphones,Electronics
P495,Dress,Apparel
P496,Coat,Apparel
P497,Slippers,Footwear
P498,Portable Charger,Electronics
P499,Moisturizer,Beauty
P500,Foundation,Beauty
P501,Bookends,Home Goods
P502,Loafers,Footwear
P503,Dress,Apparel
P504,Biography,Books
P505,Pillow,Home Goods
P506,Gaming Console,Electronics
P507,Eggs,Groceries
P508,Science Fiction,Books
P509,Hair Dryer,Beauty
P510,Cutting Board,Home Goods
P511,Heels,Footwear
P512,Skirt,Apparel
P513,Foundation,Beauty
P514,Apples,Groceries
P515,Earbuds,Electronics
P516,Smartphone,Electronics
P517,Dress,Apparel
P518,Cookbook,Books
P519,Hair Dryer,Beauty
P520,TV,Electronics
P521,Sandals,Footwear
P522,Jacket,Apparel
P523,Serum,Beauty
P524,Fiction Novel,Books
P525,History Book,Books
P526,Skirt,Apparel
P527,Skirt,Apparel
P528,Earbuds,Electronics
P529,Tablet,Electronics
P530,Bananas,Groceries
P531,Science Fiction,Books
P532,Lipstick,Beauty
P533,Eyeshadow Palette,Beauty
P534,Heels,Footwear
P535,Fantasy Series,Books
P536,Foundation,Beauty
P537,Graphic Novel,Books
P538,Smartwatch,Electronics
P539,Dress,Apparel
P540,Smartphone,Electronics
P541,Lipstick,Beauty
P542,Flats,Footwear
P543,Tablet,Electronics
P544,Bookends,Home Goods
P545,Slippers,Footwear
P546,Socks,Apparel
P547,Smartphone,Electronics
P548,Bookends,Home Goods
P549,Hiking Boots,Footwear
P550,Science Fiction,Books
P551,Sneakers,Footwear
P552,Milk,Groceries
P553,Loafers,Footwear
P554,Slippers,Footwear
P555,Chicken Breast,Groceries
P556,Jacket,Apparel
P557,Laptop,Electronics
P558,Smartphone,Electronics
P559,Science Fiction,Books
P560,Sneakers,Footwear
P561,Pillow,Home Goods
P562,Tablet,Electronics
P563,TV,Electronics
P564,Headphones,Electronics
P565,Coat,Apparel
P566,Slippers,Footwear
P567,Coat,Apparel
P568,Jacket,Apparel
P569,Chicken Breast,Groceries
P570,Skirt,Apparel
P571,Sandals,Footwear
P572,Science Fiction,Books
P573,Jeans,Apparel
P574,Flats,Footwear
P575,Milk,Groceries
P576,Mascara,Beauty
P577,Earbuds,Electronics
P578,Chicken Breast,Groceries
P579,Hoodie,Apparel
P580,Earbuds,Electronics
P581,Shorts,Apparel
P582,Cleanser,Beauty
P583,Socks,Apparel
P584,Hoodie,Apparel
P585,Loafers,Footwear
P586,Smartwatch,Electronics
P587,Smartphone,Electronics
P588,Bluetooth Speaker,Electronics
P589,Earbuds,Electronics
P590,TV,Electronics
P591,TV,Electronics
P592,Flats,Footwear
P593,Earbuds,Electronics
P594,Sweater,Apparel
P595,Eggs,Groceries
P596,T-Shirt,Apparel
P597,Bookends,Home Goods
P598,Tablet,Electronics
P599,Laptop,Electronics
P600,TV,Electronics
P601,Earbuds,Electronics
P602,Earbuds,Electronics
P603,Laptop,Electronics
P604,Laptop,Electronics
P605,Gaming Console,Electronics
P606,Dress,Apparel
P607,Smartphone,Electronics
P608,Skirt,Apparel
P609,Boots,Footwear
P610,Pillow,Home Goods
P611,Bluetooth Speaker,Electronics
P612,Mystery Thriller,Books
P613,Running Shoes,Footwear
P614,Gaming Console,Electronics
P615,Bread,Groceries
P616,Chicken Breast,Groceries
P617,Tablet,Electronics
P618,Portable Charger,Electronics
P619,Childrens Book,Books
P620,Bookends,Home Goods
P621,Laptop,Electronics
P622,Gaming Console,Electronics
P623,Jacket,Apparel
P624,Hoodie,Apparel
P625,Sneakers,Footwear
P626,Shorts,Apparel
P627,Hoodie,Apparel
P628,Vase,Home Goods
P629,Smartphone,Electronics
P630,Earbuds,Electronics
P631,Vase,Home Goods
P632,Bread,Groceries
P633,Hiking Boots,Footwear
P634,Boots,Footwear
P635,Bluetooth Speaker,Electronics
P636,Hoodie,Apparel
P637,Hiking Boots,Footwear
P638,Smartphone,Electronics
P639,Smartphone,Electronics
P640,Dress,Apparel
P641,Bluetooth Speaker,Electronics
P642,Socks,Apparel
P643,Gaming Console,Electronics
P644,Shorts,Apparel
P645,TV,Electronics
P646,Apples,Groceries
P647,Flats,Footwear
P648,Candle,Home Goods
P649,Childrens Book,Books
P650,Hoodie,Apparel
P651,Earbuds,Electronics
P652,Sandals,Footwear
P653,Flats,Footwear
P654,Throw Blanket,Home Goods
P655,Coat,Apparel
P656,Bluetooth Speaker,Electronics
P657,TV,Electronics
P658,Jeans,Apparel
P659,Hiking Boots,Footwear
P660,Heels,Footwear
P661,Coat,Apparel
P662,Hair Dryer,Beauty
P663,Sneakers,Footwear
P664,Bluetooth Speaker,Electronics
P665,Smartphone,Electronics
P666,Gaming Console,Electronics
P667,TV,Electronics
P668,Headphones,Electronics
P669,Headphones,Electronics
P670,Gaming Console,Electronics
P671,Smartwatch,Electronics
P672,Eggs,Groceries
P673,TV,Electronics
P674,Sandals,Footwear
P675,Shorts,Apparel
P676,Mascara,Beauty
P677,Smartphone,Electronics
P678,Hoodie,Apparel
P679,Sunscreen,Beauty
P680,Milk,Groceries
P681,Graphic Novel,Books
P682,Earbuds,Electronics
P683,Headphones,Electronics
P684,Pillow,Home Goods
P685,Cheese,Groceries
P686,Sneakers,Footwear
P687,Slippers,Footwear
P688,Headphones,Electronics
P689,Graphic Novel,Books
P690,Smartwatch,Electronics
P691,T-Shirt,Apparel
P692,Dress,Apparel
P693,Sneakers,Footwear
P694,Bluetooth Speaker,Electronics
P695,Bluetooth Speaker,Electronics
P696,Running Shoes,Footwear
P697,TV,Electronics
P698,Heels,Footwear
P699,Gaming Console,Electronics
P700,Dress,Apparel
P701,Sandals,Footwear
P702,Tablet,Electronics
P703,Dress,Apparel
P704,Headphones,Electronics
P705,Earbuds,Electronics
P706,Cleanser,Beauty
P707,Shorts,Apparel
P708,Cookbook,Books
P709,Portable Charger,Electronics
P710,Picture Frame,Home Goods
P711,History Book,Books
P712,Loafers,Footwear
P713,Coat,Apparel
P714,Jeans,Apparel
P715,Sweater,Apparel
P716,Bread,Groceries
P717,Mystery Thriller,Books
P718,Foundation,Beauty
P719,TV,Electronics
P720,Coffee Mug,Home Goods
P721,Mascara,Beauty
P722,TV,Electronics
P723,Tablet,Electronics
P724,Dinner Plate,Home Goods
P725,Sneakers,Footwear
P726,History Book,Books
P727,Headphones,Electronics
P728,Fantasy Series,Books
P729,Tablet,Electronics
P730,Smartwatch,Electronics
P731,TV,Electronics
P732,Childrens Book,Books
P733,Desk Lamp,Home Goods
P734,Boots,Footwear
P735,Hoodie,Apparel
P736,Apples,Groceries
P737,Jacket,Apparel
P738,Graphic Novel,Books
P739,Sweater,Apparel
P740,Skirt,Apparel
P741,Skirt,Apparel
P742,Jacket,Apparel
P743,Cutting Board,Home Goods
P744,Dress Shoes,Footwear
P745,TV,Electronics
P746,Eggs,Groceries
P747,Jeans,Apparel
P748,Slippers,Footwear
P749,Bread,Groceries
P750,Slippers,Footwear
P751,Smartwatch,Electronics
P752,Mascara,Beauty
P753,Dress Shoes,Footwear
P754,T-Shirt,Apparel
P755,Smartwatch,Electronics
P756,Childrens Book,Books
P757,Slippers,Footwear
P758,Heels,Footwear
P759,Rice,Groceries
P760,Cookbook,Books
P761,Smartphone,Electronics
P762,Coat,Apparel
P763,Tablet,Electronics
P764,Bookends,Home Goods
P765,Laptop,Electronics
P766,Loafers,Footwear
P767,Science Fiction,Books
P768,Cheese,Groceries
P769,Skirt,Apparel
P770,History Book,Books
P771,Earbuds,Electronics
P772,History Book,Books
P773,Smartphone,Electronics
P774,Jeans,Apparel
P775,Cookbook,Books
P776,Gaming Console,Electronics
P777,Headphones,Electronics
P778,Bookends,Home Goods
P779,Dinner Plate,Home Goods
P780,Loafers,Footwear
P781,Coffee Mug,Home Goods
P782,Sneakers,Footwear
P783,Bluetooth Speaker,Electronics
P784,Coat,Apparel
P785,Headphones,Electronics
P786,Chicken Breast,Groceries
P787,Dress Shoes,Footwear
P788,Sweater,Apparel
P789,Jacket,Apparel
P790,Serum,Beauty
P791,Headphones,Electronics
P792,Dress Shoes,Footwear
P793,Boots,Footwear
P794,Loafers,Footwear
P795,TV,Electronics
P796,Cheese,Groceries
P797,Perfume,Beauty
P798,Hiking Boots,Footwear
P799,Dinner Plate,Home Goods
P800,Chicken Breast,Groceries
P801,Pillow,Home Goods
P802,Tablet,Electronics
P803,Flats,Footwear
P804,Sneakers,Footwear
P805,Sweater,Apparel
P806,Candle,Home Goods
P807,Eyeshadow Palette,Beauty
P808,Coffee Beans,Groceries
P809,Sweater,Apparel
P810,Smartwatch,Electronics
P811,Perfume,Beauty
P812,Mystery Thriller,Books
P813,Tablet,Electronics
P814,Bananas,Groceries
P815,Chicken Breast,Groceries
P816,Slippers,Footwear
P817,Running Shoes,Footwear
P818,T-Shirt,Apparel
P819,TV,Electronics
P820,Jacket,Apparel
P821,Childrens Book,Books
P822,Portable Charger,Electronics
P823,Jacket,Apparel
P824,Jacket,Apparel
P825,Boots,Footwear
P826,Eggs,Groceries
P827,Coat,Apparel
P828,Socks,Apparel
P829,Dinner Plate,Home Goods
P830,T-Shirt,Apparel
P831,Headphones,Electronics
P832,Jeans,Apparel
P833,Smartphone,Electronics
P834,Earbuds,Electronics
P835,Skirt,Apparel
P836,Jacket,Apparel
P837,Bread,Groceries
P838,T-Shirt,Apparel
P839,Running Shoes,Footwear
P840,Boots,Footwear
P841,Smartphone,Electronics
P842,Throw Blanket,Home Goods
P843,Gaming Console,Electronics
P844,Serum,Beauty
P845,Portable Charger,Electronics
P846,Hoodie,Apparel
P847,Bluetooth Speaker,Electronics
P848,Lipstick,Beauty
P849,Sandals,Footwear
P850,Slippers,Footwear
P851,Smartwatch,Electronics
P852,Bookends,Home Goods
P853,Smartwatch,Electronics
P854,Bread,Groceries
P855,Smartwatch,Electronics
P856,Tablet,Electronics
P857,Tablet,Electronics
P858,Jacket,Apparel
P859,Sneakers,Footwear
P860,Headphones,Electronics
P861,Self-Help Book,Books
P862,Hoodie,Apparel
P863,Sneakers,Footwear
P864,Socks,Apparel
P865,Sweater,Apparel
P866,Dress Shoes,Footwear
P867,Headphones,Electronics
P868,Laptop,Electronics
P869,Pasta,Groceries
P870,Lipstick,Beauty
P871,Hoodie,Apparel
P872,Laptop,Electronics
P873,Running Shoes,Footwear
P874,Dress,Apparel
P875,Earbuds,Electronics
P876,Portable Charger,Electronics
P877,Bookends,Home Goods
P878,Dinner Plate,Home Goods
P879,TV,Electronics
P880,Headphones,Electronics
P881,Bluetooth Speaker,Electronics
P882,Throw Blanket,Home Goods
P883,Portable Charger,Electronics
P884,Gaming Console,Electronics
P885,Fantasy Series,Books
P886,Earbuds,Electronics
P887,Dinner Plate,Home Goods
P888,Portable Charger,Electronics
P889,Portable Charger,Electronics
P890,TV,Electronics
P891,Bookends,Home Goods
P892,Bananas,Groceries
P893,Graphic Novel,Books
P894,Jeans,Apparel
P895,Throw Blanket,Home Goods
P896,Smartwatch,Electronics
P897,Earbuds,Electronics
P898,Chicken Breast,Groceries
P899,Laptop,Electronics
P900,TV,Electronics
P901,Gaming Console,Electronics
P902,Earbuds,Electronics
P903,TV,Electronics
P904,Sandals,Footwear
P905,T-Shirt,Apparel
P906,Bread,Groceries
P907,Science Fiction,Books
P908,Dress,Apparel
P909,Tablet,Electronics
P910,Dress,Apparel
P911,Slippers,Footwear
P912,Smartwatch,Electronics
P913,Loafers,Footwear
P914,Hoodie,Apparel
P915,Dress Shoes,Footwear
P916,Coat,Apparel
P917,Smartphone,Electronics
P918,Sunscreen,Beauty
P919,Mystery Thriller,Books
P920,Tablet,Electronics
P921,Eggs,Groceries
P922,Jeans,Apparel
P923,Apples,Groceries
P924,Fiction Novel,Books
P925,Socks,Apparel
P926,Gaming Console,Electronics
P927,Headphones,Electronics
P928,Heels,Footwear
P929,Loafers,Footwear
P930,Headphones,Electronics
P931,Gaming Console,Electronics
P932,Cookbook,Books
P933,Perfume,Beauty
P934,Flats,Footwear
P935,Smartwatch,Electronics
P936,Headphones,Electronics
P937,Portable Charger,Electronics
P938,Milk,Groceries
P939,Headphones,Electronics
P940,Sandals,Footwear
P941,Gaming Console,Electronics
P942,Running Shoes,Footwear
P943,Candle,Home Goods
P944,Mystery Thriller,Books
P945,TV,Electronics
P946,Earbuds,Electronics
P947,Gaming Console,Electronics
P948,Chicken Breast,Groceries
P949,Pasta,Groceries
P950,Loafers,Footwear
P951,Sandals,Footwear
P952,Candle,Home Goods
P953,Gaming Console,Electronics
P954,Milk,Groceries
P955,T-Shirt,Apparel
P956,Socks,Apparel
P957,Dress Shoes,Footwear
P958,Gaming Console,Electronics
P959,Smartwatch,Electronics
P960,Coffee Mug,Home Goods
P961,Smartphone,Electronics
P962,Running Shoes,Footwear
P963,Tablet,Electronics
P964,Dress,Apparel
P965,Gaming Console,Electronics
P966,Sweater,Apparel
P967,Candle,Home Goods
P968,Smartwatch,Electronics
P969,Sandals,Footwear
P970,T-Shirt,Apparel
P971,Throw Blanket,Home Goods
P972,Cleanser,Beauty
P973,Cutting Board,Home Goods
P974,Smartphone,Electronics
P975,Smartwatch,Electronics
P976,Smartwatch,Electronics
P977,Flats,Footwear
P978,Gaming Console,Electronics
P979,Skirt,Apparel
P980,Loafers,Footwear
P981,T-Shirt,Apparel
P982,History Book,Books
P983,Headphones,Electronics
P984,Tablet,Electronics
P985,Cutting Board,Home Goods
P986,Shorts,Apparel
P987,Desk Lamp,Home Goods
P988,Hoodie,Apparel
P989,Earbuds,Electronics
P990,Childrens Book,Books
P991,Fiction Novel,Books
P992,Candle,Home Goods
P993,Smartphone,Electronics
P994,Hiking Boots,Footwear
P995,Coat,Apparel
P996,Gaming Console,Electronics
P997,Eggs,Groceries
P998,Laptop,Electronics
P999,Eyeshadow Palette,Beauty
P1000,Sweater,Apparel
